{"text": " Merhaba nas\u0131ls\u0131n?", "segments": [{"id": 0, "seek": 0, "start": 0.0, "end": 2.0, "text": " Merhaba nas\u0131ls\u0131n?", "tokens": [50364, 6124, 42016, 16963, 22133, 30, 50464], "temperature": 0.0, "avg_logprob": -0.590088427066803, "compression_ratio": 0.76, "no_speech_prob": 0.14936770498752594}], "language": "Turkish"}